role,sub_role,email,password,verified
public,,public.001@lifelink.demo,Demo@2026!,true
public,,public.002@lifelink.demo,Demo@2026!,true
public,,public.003@lifelink.demo,Demo@2026!,true
public,,public.004@lifelink.demo,Demo@2026!,true
public,,public.005@lifelink.demo,Demo@2026!,true
public,,public.006@lifelink.demo,Demo@2026!,true
public,,public.007@lifelink.demo,Demo@2026!,true
public,,public.008@lifelink.demo,Demo@2026!,true
public,,public.009@lifelink.demo,Demo@2026!,true
public,,public.010@lifelink.demo,Demo@2026!,true
public,,public.011@lifelink.demo,Demo@2026!,true
public,,public.012@lifelink.demo,Demo@2026!,true
public,,public.013@lifelink.demo,Demo@2026!,true
public,,public.014@lifelink.demo,Demo@2026!,true
public,,public.015@lifelink.demo,Demo@2026!,true
public,,public.016@lifelink.demo,Demo@2026!,true
public,,public.017@lifelink.demo,Demo@2026!,true
public,,public.018@lifelink.demo,Demo@2026!,true
public,,public.019@lifelink.demo,Demo@2026!,true
public,,public.020@lifelink.demo,Demo@2026!,true
public,,public.021@lifelink.demo,Demo@2026!,true
public,,public.022@lifelink.demo,Demo@2026!,true
public,,public.023@lifelink.demo,Demo@2026!,true
public,,public.024@lifelink.demo,Demo@2026!,true
public,,public.025@lifelink.demo,Demo@2026!,true
public,,public.026@lifelink.demo,Demo@2026!,true
public,,public.027@lifelink.demo,Demo@2026!,true
public,,public.028@lifelink.demo,Demo@2026!,true
public,,public.029@lifelink.demo,Demo@2026!,true
public,,public.030@lifelink.demo,Demo@2026!,true
public,,public.031@lifelink.demo,Demo@2026!,true
public,,public.032@lifelink.demo,Demo@2026!,true
public,,public.033@lifelink.demo,Demo@2026!,true
public,,public.034@lifelink.demo,Demo@2026!,true
public,,public.035@lifelink.demo,Demo@2026!,true
public,,public.036@lifelink.demo,Demo@2026!,true
public,,public.037@lifelink.demo,Demo@2026!,true
public,,public.038@lifelink.demo,Demo@2026!,true
public,,public.039@lifelink.demo,Demo@2026!,true
public,,public.040@lifelink.demo,Demo@2026!,true
public,,public.041@lifelink.demo,Demo@2026!,true
public,,public.042@lifelink.demo,Demo@2026!,true
public,,public.043@lifelink.demo,Demo@2026!,true
public,,public.044@lifelink.demo,Demo@2026!,true
public,,public.045@lifelink.demo,Demo@2026!,true
public,,public.046@lifelink.demo,Demo@2026!,true
public,,public.047@lifelink.demo,Demo@2026!,true
public,,public.048@lifelink.demo,Demo@2026!,true
public,,public.049@lifelink.demo,Demo@2026!,true
public,,public.050@lifelink.demo,Demo@2026!,true
public,,public.051@lifelink.demo,Demo@2026!,true
public,,public.052@lifelink.demo,Demo@2026!,true
public,,public.053@lifelink.demo,Demo@2026!,true
public,,public.054@lifelink.demo,Demo@2026!,true
public,,public.055@lifelink.demo,Demo@2026!,true
public,,public.056@lifelink.demo,Demo@2026!,true
public,,public.057@lifelink.demo,Demo@2026!,true
public,,public.058@lifelink.demo,Demo@2026!,true
public,,public.059@lifelink.demo,Demo@2026!,true
public,,public.060@lifelink.demo,Demo@2026!,true
public,,public.061@lifelink.demo,Demo@2026!,true
public,,public.062@lifelink.demo,Demo@2026!,true
public,,public.063@lifelink.demo,Demo@2026!,true
public,,public.064@lifelink.demo,Demo@2026!,true
public,,public.065@lifelink.demo,Demo@2026!,true
public,,public.066@lifelink.demo,Demo@2026!,true
public,,public.067@lifelink.demo,Demo@2026!,true
public,,public.068@lifelink.demo,Demo@2026!,true
public,,public.069@lifelink.demo,Demo@2026!,true
public,,public.070@lifelink.demo,Demo@2026!,true
public,,public.071@lifelink.demo,Demo@2026!,true
public,,public.072@lifelink.demo,Demo@2026!,true
public,,public.073@lifelink.demo,Demo@2026!,true
public,,public.074@lifelink.demo,Demo@2026!,true
public,,public.075@lifelink.demo,Demo@2026!,true
public,,public.076@lifelink.demo,Demo@2026!,true
public,,public.077@lifelink.demo,Demo@2026!,true
public,,public.078@lifelink.demo,Demo@2026!,true
public,,public.079@lifelink.demo,Demo@2026!,true
public,,public.080@lifelink.demo,Demo@2026!,true
public,,public.081@lifelink.demo,Demo@2026!,true
public,,public.082@lifelink.demo,Demo@2026!,true
public,,public.083@lifelink.demo,Demo@2026!,true
public,,public.084@lifelink.demo,Demo@2026!,true
public,,public.085@lifelink.demo,Demo@2026!,true
public,,public.086@lifelink.demo,Demo@2026!,true
public,,public.087@lifelink.demo,Demo@2026!,true
public,,public.088@lifelink.demo,Demo@2026!,true
public,,public.089@lifelink.demo,Demo@2026!,true
public,,public.090@lifelink.demo,Demo@2026!,true
public,,public.091@lifelink.demo,Demo@2026!,true
public,,public.092@lifelink.demo,Demo@2026!,true
public,,public.093@lifelink.demo,Demo@2026!,true
public,,public.094@lifelink.demo,Demo@2026!,true
public,,public.095@lifelink.demo,Demo@2026!,true
public,,public.096@lifelink.demo,Demo@2026!,true
public,,public.097@lifelink.demo,Demo@2026!,true
public,,public.098@lifelink.demo,Demo@2026!,true
public,,public.099@lifelink.demo,Demo@2026!,true
public,,public.100@lifelink.demo,Demo@2026!,true
government,national_admin,government.001@lifelink.demo,Demo@2026!,true
government,state_admin,government.002@lifelink.demo,Demo@2026!,true
government,district_admin,government.003@lifelink.demo,Demo@2026!,true
government,supervisory_authority,government.004@lifelink.demo,Demo@2026!,true
government,national_admin,government.005@lifelink.demo,Demo@2026!,true
government,state_admin,government.006@lifelink.demo,Demo@2026!,true
government,district_admin,government.007@lifelink.demo,Demo@2026!,true
government,supervisory_authority,government.008@lifelink.demo,Demo@2026!,true
government,national_admin,government.009@lifelink.demo,Demo@2026!,true
government,state_admin,government.010@lifelink.demo,Demo@2026!,true
government,district_admin,government.011@lifelink.demo,Demo@2026!,true
government,supervisory_authority,government.012@lifelink.demo,Demo@2026!,true
government,national_admin,government.013@lifelink.demo,Demo@2026!,true
government,state_admin,government.014@lifelink.demo,Demo@2026!,true
government,district_admin,government.015@lifelink.demo,Demo@2026!,true
government,supervisory_authority,government.016@lifelink.demo,Demo@2026!,true
government,national_admin,government.017@lifelink.demo,Demo@2026!,true
government,state_admin,government.018@lifelink.demo,Demo@2026!,true
government,district_admin,government.019@lifelink.demo,Demo@2026!,true
government,supervisory_authority,government.020@lifelink.demo,Demo@2026!,true
government,national_admin,government.021@lifelink.demo,Demo@2026!,true
government,state_admin,government.022@lifelink.demo,Demo@2026!,true
government,district_admin,government.023@lifelink.demo,Demo@2026!,true
government,supervisory_authority,government.024@lifelink.demo,Demo@2026!,true
government,national_admin,government.025@lifelink.demo,Demo@2026!,true
government,state_admin,government.026@lifelink.demo,Demo@2026!,true
government,district_admin,government.027@lifelink.demo,Demo@2026!,true
government,supervisory_authority,government.028@lifelink.demo,Demo@2026!,true
government,national_admin,government.029@lifelink.demo,Demo@2026!,true
government,state_admin,government.030@lifelink.demo,Demo@2026!,true
government,district_admin,government.031@lifelink.demo,Demo@2026!,true
government,supervisory_authority,government.032@lifelink.demo,Demo@2026!,true
government,national_admin,government.033@lifelink.demo,Demo@2026!,true
government,state_admin,government.034@lifelink.demo,Demo@2026!,true
government,district_admin,government.035@lifelink.demo,Demo@2026!,true
government,supervisory_authority,government.036@lifelink.demo,Demo@2026!,true
government,national_admin,government.037@lifelink.demo,Demo@2026!,true
government,state_admin,government.038@lifelink.demo,Demo@2026!,true
government,district_admin,government.039@lifelink.demo,Demo@2026!,true
government,supervisory_authority,government.040@lifelink.demo,Demo@2026!,true
government,national_admin,government.041@lifelink.demo,Demo@2026!,true
government,state_admin,government.042@lifelink.demo,Demo@2026!,true
government,district_admin,government.043@lifelink.demo,Demo@2026!,true
government,supervisory_authority,government.044@lifelink.demo,Demo@2026!,true
government,national_admin,government.045@lifelink.demo,Demo@2026!,true
government,state_admin,government.046@lifelink.demo,Demo@2026!,true
government,district_admin,government.047@lifelink.demo,Demo@2026!,true
government,supervisory_authority,government.048@lifelink.demo,Demo@2026!,true
government,national_admin,government.049@lifelink.demo,Demo@2026!,true
government,state_admin,government.050@lifelink.demo,Demo@2026!,true
government,district_admin,government.051@lifelink.demo,Demo@2026!,true
government,supervisory_authority,government.052@lifelink.demo,Demo@2026!,true
government,national_admin,government.053@lifelink.demo,Demo@2026!,true
government,state_admin,government.054@lifelink.demo,Demo@2026!,true
government,district_admin,government.055@lifelink.demo,Demo@2026!,true
government,supervisory_authority,government.056@lifelink.demo,Demo@2026!,true
government,national_admin,government.057@lifelink.demo,Demo@2026!,true
government,state_admin,government.058@lifelink.demo,Demo@2026!,true
government,district_admin,government.059@lifelink.demo,Demo@2026!,true
government,supervisory_authority,government.060@lifelink.demo,Demo@2026!,true
government,national_admin,government.061@lifelink.demo,Demo@2026!,true
government,state_admin,government.062@lifelink.demo,Demo@2026!,true
government,district_admin,government.063@lifelink.demo,Demo@2026!,true
government,supervisory_authority,government.064@lifelink.demo,Demo@2026!,true
government,national_admin,government.065@lifelink.demo,Demo@2026!,true
government,state_admin,government.066@lifelink.demo,Demo@2026!,true
government,district_admin,government.067@lifelink.demo,Demo@2026!,true
government,supervisory_authority,government.068@lifelink.demo,Demo@2026!,true
government,national_admin,government.069@lifelink.demo,Demo@2026!,true
government,state_admin,government.070@lifelink.demo,Demo@2026!,true
government,district_admin,government.071@lifelink.demo,Demo@2026!,true
government,supervisory_authority,government.072@lifelink.demo,Demo@2026!,true
government,national_admin,government.073@lifelink.demo,Demo@2026!,true
government,state_admin,government.074@lifelink.demo,Demo@2026!,true
government,district_admin,government.075@lifelink.demo,Demo@2026!,true
government,supervisory_authority,government.076@lifelink.demo,Demo@2026!,true
government,national_admin,government.077@lifelink.demo,Demo@2026!,true
government,state_admin,government.078@lifelink.demo,Demo@2026!,true
government,district_admin,government.079@lifelink.demo,Demo@2026!,true
government,supervisory_authority,government.080@lifelink.demo,Demo@2026!,true
government,national_admin,government.081@lifelink.demo,Demo@2026!,true
government,state_admin,government.082@lifelink.demo,Demo@2026!,true
government,district_admin,government.083@lifelink.demo,Demo@2026!,true
government,supervisory_authority,government.084@lifelink.demo,Demo@2026!,true
government,national_admin,government.085@lifelink.demo,Demo@2026!,true
government,state_admin,government.086@lifelink.demo,Demo@2026!,true
government,district_admin,government.087@lifelink.demo,Demo@2026!,true
government,supervisory_authority,government.088@lifelink.demo,Demo@2026!,true
government,national_admin,government.089@lifelink.demo,Demo@2026!,true
government,state_admin,government.090@lifelink.demo,Demo@2026!,true
government,district_admin,government.091@lifelink.demo,Demo@2026!,true
government,supervisory_authority,government.092@lifelink.demo,Demo@2026!,true
government,national_admin,government.093@lifelink.demo,Demo@2026!,true
government,state_admin,government.094@lifelink.demo,Demo@2026!,true
government,district_admin,government.095@lifelink.demo,Demo@2026!,true
government,supervisory_authority,government.096@lifelink.demo,Demo@2026!,true
government,national_admin,government.097@lifelink.demo,Demo@2026!,true
government,state_admin,government.098@lifelink.demo,Demo@2026!,true
government,district_admin,government.099@lifelink.demo,Demo@2026!,true
government,supervisory_authority,government.100@lifelink.demo,Demo@2026!,true
hospital,ceo,hospital.001@lifelink.demo,Demo@2026!,false
hospital,finance,hospital.002@lifelink.demo,Demo@2026!,true
hospital,emergency,hospital.003@lifelink.demo,Demo@2026!,true
hospital,opd,hospital.004@lifelink.demo,Demo@2026!,false
hospital,icu,hospital.005@lifelink.demo,Demo@2026!,true
hospital,radiology,hospital.006@lifelink.demo,Demo@2026!,true
hospital,ot,hospital.007@lifelink.demo,Demo@2026!,false
hospital,ceo,hospital.008@lifelink.demo,Demo@2026!,true
hospital,finance,hospital.009@lifelink.demo,Demo@2026!,true
hospital,emergency,hospital.010@lifelink.demo,Demo@2026!,false
hospital,opd,hospital.011@lifelink.demo,Demo@2026!,true
hospital,icu,hospital.012@lifelink.demo,Demo@2026!,true
hospital,radiology,hospital.013@lifelink.demo,Demo@2026!,false
hospital,ot,hospital.014@lifelink.demo,Demo@2026!,true
hospital,ceo,hospital.015@lifelink.demo,Demo@2026!,true
hospital,finance,hospital.016@lifelink.demo,Demo@2026!,false
hospital,emergency,hospital.017@lifelink.demo,Demo@2026!,true
hospital,opd,hospital.018@lifelink.demo,Demo@2026!,true
hospital,icu,hospital.019@lifelink.demo,Demo@2026!,false
hospital,radiology,hospital.020@lifelink.demo,Demo@2026!,true
hospital,ot,hospital.021@lifelink.demo,Demo@2026!,true
hospital,ceo,hospital.022@lifelink.demo,Demo@2026!,false
hospital,finance,hospital.023@lifelink.demo,Demo@2026!,true
hospital,emergency,hospital.024@lifelink.demo,Demo@2026!,true
hospital,opd,hospital.025@lifelink.demo,Demo@2026!,false
hospital,icu,hospital.026@lifelink.demo,Demo@2026!,true
hospital,radiology,hospital.027@lifelink.demo,Demo@2026!,true
hospital,ot,hospital.028@lifelink.demo,Demo@2026!,false
hospital,ceo,hospital.029@lifelink.demo,Demo@2026!,true
hospital,finance,hospital.030@lifelink.demo,Demo@2026!,true
hospital,emergency,hospital.031@lifelink.demo,Demo@2026!,false
hospital,opd,hospital.032@lifelink.demo,Demo@2026!,true
hospital,icu,hospital.033@lifelink.demo,Demo@2026!,true
hospital,radiology,hospital.034@lifelink.demo,Demo@2026!,false
hospital,ot,hospital.035@lifelink.demo,Demo@2026!,true
hospital,ceo,hospital.036@lifelink.demo,Demo@2026!,true
hospital,finance,hospital.037@lifelink.demo,Demo@2026!,false
hospital,emergency,hospital.038@lifelink.demo,Demo@2026!,true
hospital,opd,hospital.039@lifelink.demo,Demo@2026!,true
hospital,icu,hospital.040@lifelink.demo,Demo@2026!,false
hospital,radiology,hospital.041@lifelink.demo,Demo@2026!,true
hospital,ot,hospital.042@lifelink.demo,Demo@2026!,true
hospital,ceo,hospital.043@lifelink.demo,Demo@2026!,false
hospital,finance,hospital.044@lifelink.demo,Demo@2026!,true
hospital,emergency,hospital.045@lifelink.demo,Demo@2026!,true
hospital,opd,hospital.046@lifelink.demo,Demo@2026!,false
hospital,icu,hospital.047@lifelink.demo,Demo@2026!,true
hospital,radiology,hospital.048@lifelink.demo,Demo@2026!,true
hospital,ot,hospital.049@lifelink.demo,Demo@2026!,false
hospital,ceo,hospital.050@lifelink.demo,Demo@2026!,true
hospital,finance,hospital.051@lifelink.demo,Demo@2026!,true
hospital,emergency,hospital.052@lifelink.demo,Demo@2026!,false
hospital,opd,hospital.053@lifelink.demo,Demo@2026!,true
hospital,icu,hospital.054@lifelink.demo,Demo@2026!,true
hospital,radiology,hospital.055@lifelink.demo,Demo@2026!,false
hospital,ot,hospital.056@lifelink.demo,Demo@2026!,true
hospital,ceo,hospital.057@lifelink.demo,Demo@2026!,true
hospital,finance,hospital.058@lifelink.demo,Demo@2026!,false
hospital,emergency,hospital.059@lifelink.demo,Demo@2026!,true
hospital,opd,hospital.060@lifelink.demo,Demo@2026!,true
hospital,icu,hospital.061@lifelink.demo,Demo@2026!,false
hospital,radiology,hospital.062@lifelink.demo,Demo@2026!,true
hospital,ot,hospital.063@lifelink.demo,Demo@2026!,true
hospital,ceo,hospital.064@lifelink.demo,Demo@2026!,false
hospital,finance,hospital.065@lifelink.demo,Demo@2026!,true
hospital,emergency,hospital.066@lifelink.demo,Demo@2026!,true
hospital,opd,hospital.067@lifelink.demo,Demo@2026!,false
hospital,icu,hospital.068@lifelink.demo,Demo@2026!,true
hospital,radiology,hospital.069@lifelink.demo,Demo@2026!,true
hospital,ot,hospital.070@lifelink.demo,Demo@2026!,false
hospital,ceo,hospital.071@lifelink.demo,Demo@2026!,true
hospital,finance,hospital.072@lifelink.demo,Demo@2026!,true
hospital,emergency,hospital.073@lifelink.demo,Demo@2026!,false
hospital,opd,hospital.074@lifelink.demo,Demo@2026!,true
hospital,icu,hospital.075@lifelink.demo,Demo@2026!,true
hospital,radiology,hospital.076@lifelink.demo,Demo@2026!,false
hospital,ot,hospital.077@lifelink.demo,Demo@2026!,true
hospital,ceo,hospital.078@lifelink.demo,Demo@2026!,true
hospital,finance,hospital.079@lifelink.demo,Demo@2026!,false
hospital,emergency,hospital.080@lifelink.demo,Demo@2026!,true
hospital,opd,hospital.081@lifelink.demo,Demo@2026!,true
hospital,icu,hospital.082@lifelink.demo,Demo@2026!,false
hospital,radiology,hospital.083@lifelink.demo,Demo@2026!,true
hospital,ot,hospital.084@lifelink.demo,Demo@2026!,true
hospital,ceo,hospital.085@lifelink.demo,Demo@2026!,false
hospital,finance,hospital.086@lifelink.demo,Demo@2026!,true
hospital,emergency,hospital.087@lifelink.demo,Demo@2026!,true
hospital,opd,hospital.088@lifelink.demo,Demo@2026!,false
hospital,icu,hospital.089@lifelink.demo,Demo@2026!,true
hospital,radiology,hospital.090@lifelink.demo,Demo@2026!,true
hospital,ot,hospital.091@lifelink.demo,Demo@2026!,false
hospital,ceo,hospital.092@lifelink.demo,Demo@2026!,true
hospital,finance,hospital.093@lifelink.demo,Demo@2026!,true
hospital,emergency,hospital.094@lifelink.demo,Demo@2026!,false
hospital,opd,hospital.095@lifelink.demo,Demo@2026!,true
hospital,icu,hospital.096@lifelink.demo,Demo@2026!,true
hospital,radiology,hospital.097@lifelink.demo,Demo@2026!,false
hospital,ot,hospital.098@lifelink.demo,Demo@2026!,true
hospital,ceo,hospital.099@lifelink.demo,Demo@2026!,true
hospital,finance,hospital.100@lifelink.demo,Demo@2026!,false
ambulance,crew,ambulance.001@lifelink.demo,Demo@2026!,false
ambulance,dispatcher,ambulance.002@lifelink.demo,Demo@2026!,true
ambulance,crew,ambulance.003@lifelink.demo,Demo@2026!,true
ambulance,dispatcher,ambulance.004@lifelink.demo,Demo@2026!,false
ambulance,crew,ambulance.005@lifelink.demo,Demo@2026!,true
ambulance,dispatcher,ambulance.006@lifelink.demo,Demo@2026!,true
ambulance,crew,ambulance.007@lifelink.demo,Demo@2026!,false
ambulance,dispatcher,ambulance.008@lifelink.demo,Demo@2026!,true
ambulance,crew,ambulance.009@lifelink.demo,Demo@2026!,true
ambulance,dispatcher,ambulance.010@lifelink.demo,Demo@2026!,false
ambulance,crew,ambulance.011@lifelink.demo,Demo@2026!,true
ambulance,dispatcher,ambulance.012@lifelink.demo,Demo@2026!,true
ambulance,crew,ambulance.013@lifelink.demo,Demo@2026!,false
ambulance,dispatcher,ambulance.014@lifelink.demo,Demo@2026!,true
ambulance,crew,ambulance.015@lifelink.demo,Demo@2026!,true
ambulance,dispatcher,ambulance.016@lifelink.demo,Demo@2026!,false
ambulance,crew,ambulance.017@lifelink.demo,Demo@2026!,true
ambulance,dispatcher,ambulance.018@lifelink.demo,Demo@2026!,true
ambulance,crew,ambulance.019@lifelink.demo,Demo@2026!,false
ambulance,dispatcher,ambulance.020@lifelink.demo,Demo@2026!,true
ambulance,crew,ambulance.021@lifelink.demo,Demo@2026!,true
ambulance,dispatcher,ambulance.022@lifelink.demo,Demo@2026!,false
ambulance,crew,ambulance.023@lifelink.demo,Demo@2026!,true
ambulance,dispatcher,ambulance.024@lifelink.demo,Demo@2026!,true
ambulance,crew,ambulance.025@lifelink.demo,Demo@2026!,false
ambulance,dispatcher,ambulance.026@lifelink.demo,Demo@2026!,true
ambulance,crew,ambulance.027@lifelink.demo,Demo@2026!,true
ambulance,dispatcher,ambulance.028@lifelink.demo,Demo@2026!,false
ambulance,crew,ambulance.029@lifelink.demo,Demo@2026!,true
ambulance,dispatcher,ambulance.030@lifelink.demo,Demo@2026!,true
ambulance,crew,ambulance.031@lifelink.demo,Demo@2026!,false
ambulance,dispatcher,ambulance.032@lifelink.demo,Demo@2026!,true
ambulance,crew,ambulance.033@lifelink.demo,Demo@2026!,true
ambulance,dispatcher,ambulance.034@lifelink.demo,Demo@2026!,false
ambulance,crew,ambulance.035@lifelink.demo,Demo@2026!,true
ambulance,dispatcher,ambulance.036@lifelink.demo,Demo@2026!,true
ambulance,crew,ambulance.037@lifelink.demo,Demo@2026!,false
ambulance,dispatcher,ambulance.038@lifelink.demo,Demo@2026!,true
ambulance,crew,ambulance.039@lifelink.demo,Demo@2026!,true
ambulance,dispatcher,ambulance.040@lifelink.demo,Demo@2026!,false
ambulance,crew,ambulance.041@lifelink.demo,Demo@2026!,true
ambulance,dispatcher,ambulance.042@lifelink.demo,Demo@2026!,true
ambulance,crew,ambulance.043@lifelink.demo,Demo@2026!,false
ambulance,dispatcher,ambulance.044@lifelink.demo,Demo@2026!,true
ambulance,crew,ambulance.045@lifelink.demo,Demo@2026!,true
ambulance,dispatcher,ambulance.046@lifelink.demo,Demo@2026!,false
ambulance,crew,ambulance.047@lifelink.demo,Demo@2026!,true
ambulance,dispatcher,ambulance.048@lifelink.demo,Demo@2026!,true
ambulance,crew,ambulance.049@lifelink.demo,Demo@2026!,false
ambulance,dispatcher,ambulance.050@lifelink.demo,Demo@2026!,true
ambulance,crew,ambulance.051@lifelink.demo,Demo@2026!,true
ambulance,dispatcher,ambulance.052@lifelink.demo,Demo@2026!,false
ambulance,crew,ambulance.053@lifelink.demo,Demo@2026!,true
ambulance,dispatcher,ambulance.054@lifelink.demo,Demo@2026!,true
ambulance,crew,ambulance.055@lifelink.demo,Demo@2026!,false
ambulance,dispatcher,ambulance.056@lifelink.demo,Demo@2026!,true
ambulance,crew,ambulance.057@lifelink.demo,Demo@2026!,true
ambulance,dispatcher,ambulance.058@lifelink.demo,Demo@2026!,false
ambulance,crew,ambulance.059@lifelink.demo,Demo@2026!,true
ambulance,dispatcher,ambulance.060@lifelink.demo,Demo@2026!,true
ambulance,crew,ambulance.061@lifelink.demo,Demo@2026!,false
ambulance,dispatcher,ambulance.062@lifelink.demo,Demo@2026!,true
ambulance,crew,ambulance.063@lifelink.demo,Demo@2026!,true
ambulance,dispatcher,ambulance.064@lifelink.demo,Demo@2026!,false
ambulance,crew,ambulance.065@lifelink.demo,Demo@2026!,true
ambulance,dispatcher,ambulance.066@lifelink.demo,Demo@2026!,true
ambulance,crew,ambulance.067@lifelink.demo,Demo@2026!,false
ambulance,dispatcher,ambulance.068@lifelink.demo,Demo@2026!,true
ambulance,crew,ambulance.069@lifelink.demo,Demo@2026!,true
ambulance,dispatcher,ambulance.070@lifelink.demo,Demo@2026!,false
ambulance,crew,ambulance.071@lifelink.demo,Demo@2026!,true
ambulance,dispatcher,ambulance.072@lifelink.demo,Demo@2026!,true
ambulance,crew,ambulance.073@lifelink.demo,Demo@2026!,false
ambulance,dispatcher,ambulance.074@lifelink.demo,Demo@2026!,true
ambulance,crew,ambulance.075@lifelink.demo,Demo@2026!,true
ambulance,dispatcher,ambulance.076@lifelink.demo,Demo@2026!,false
ambulance,crew,ambulance.077@lifelink.demo,Demo@2026!,true
ambulance,dispatcher,ambulance.078@lifelink.demo,Demo@2026!,true
ambulance,crew,ambulance.079@lifelink.demo,Demo@2026!,false
ambulance,dispatcher,ambulance.080@lifelink.demo,Demo@2026!,true
ambulance,crew,ambulance.081@lifelink.demo,Demo@2026!,true
ambulance,dispatcher,ambulance.082@lifelink.demo,Demo@2026!,false
ambulance,crew,ambulance.083@lifelink.demo,Demo@2026!,true
ambulance,dispatcher,ambulance.084@lifelink.demo,Demo@2026!,true
ambulance,crew,ambulance.085@lifelink.demo,Demo@2026!,false
ambulance,dispatcher,ambulance.086@lifelink.demo,Demo@2026!,true
ambulance,crew,ambulance.087@lifelink.demo,Demo@2026!,true
ambulance,dispatcher,ambulance.088@lifelink.demo,Demo@2026!,false
ambulance,crew,ambulance.089@lifelink.demo,Demo@2026!,true
ambulance,dispatcher,ambulance.090@lifelink.demo,Demo@2026!,true
ambulance,crew,ambulance.091@lifelink.demo,Demo@2026!,false
ambulance,dispatcher,ambulance.092@lifelink.demo,Demo@2026!,true
ambulance,crew,ambulance.093@lifelink.demo,Demo@2026!,true
ambulance,dispatcher,ambulance.094@lifelink.demo,Demo@2026!,false
ambulance,crew,ambulance.095@lifelink.demo,Demo@2026!,true
ambulance,dispatcher,ambulance.096@lifelink.demo,Demo@2026!,true
ambulance,crew,ambulance.097@lifelink.demo,Demo@2026!,false
ambulance,dispatcher,ambulance.098@lifelink.demo,Demo@2026!,true
ambulance,crew,ambulance.099@lifelink.demo,Demo@2026!,true
ambulance,dispatcher,ambulance.100@lifelink.demo,Demo@2026!,false
